Model,Train Accuracy,Test Accuracy,Train Precision,Test Precision,Train Recall,Test Recall,Train F1,F1 (Test),Specificity (Test),ROC-AUC (Test),CV F1 Mean,CV F1 Std
LogReg - Baseline,0.84625,0.832,0.7676174496644296,0.7358184764991896,0.7302474062250599,0.7240829346092504,0.7484662576687117,0.729903536977492,0.8812818645302258,0.8835748910115453,0.740667879111193,0.01667964500252026
