Model,Train Accuracy,Test Accuracy,Train Precision,Test Precision,Train Recall,Test Recall,Train F1,F1 (Test),Specificity (Test),ROC-AUC (Test),CV F1 Mean,CV F1 Std
LogReg - Baseline,0.84625,0.832,0.7676174496644296,0.7358184764991896,0.7302474062250599,0.7240829346092504,0.7484662576687117,0.729903536977492,0.8812818645302258,0.8835748910115453,0.740667879111193,0.01667964500252026
LogReg - Weighted,0.820625,0.7995,0.6687677277024897,0.6395061728395062,0.8467677573822825,0.8261562998405104,0.7473146680753654,0.720946416144746,0.7873270211216314,0.8835690829404172,0.7453791055151634,0.007574008811694075
LogReg - Tuned (No Weights),0.846375,0.832,0.7674905739421869,0.7358184764991896,0.7310454908220272,0.7240829346092504,0.7488248518291437,0.729903536977492,0.8812818645302258,0.8836376181797273,0.7415368985827289,0.016968031757809376
LogReg - Weighted + Tuned,0.821,0.7995,0.6690806045340051,0.6395061728395062,0.8479648842777334,0.8261562998405104,0.7479760647659275,0.720946416144746,0.7873270211216314,0.883615547509441,0.7457379029198565,0.007396490439434942
